aries	0	性格概览	白羊座常以直接、迅速和有行动力的方式面对生活。遇到新目标时容易先迈出第一步，也乐于在变化中寻找机会。\n热情来得快，表达通常坦率，喜欢清晰而有反馈的互动。
aries	1	优势潜能	勇气、开创力与现场反应是白羊座常见的优势。适合需要主动推进、快速决策或带动气氛的场景。\n当目标明确时，往往能把想法迅速转为行动，并感染身边的人。
aries	2	成长建议	行动之前多留一个确认步骤，能减少急于求成带来的返工。练习倾听不同节奏，也会让合作更顺畅。\n把热情拆成可持续的小目标，比只靠一时冲劲更容易走远。
aries	3	人际关系	喜欢真诚、直接、不绕弯的相处方式，通常愿意主动破冰。面对分歧时反应可能很快，但情绪过去也较快。\n给彼此表达完整想法的时间，会让关系更稳定。
aries	4	情感表达	在意一个人时常用行动、陪伴和明确态度来表达。欣赏有独立性、愿意一起尝试新事物的伙伴。\n温柔地说出需求，并给对方回应空间，会比猜测更有效。
aries	5	生活灵感	适合短周期挑战、运动、探索新地点或启动搁置已久的计划。规律休息能保护持续行动力。\n星座内容仅作文化与自我探索参考，不替代真实经历与个人选择。
taurus	0	性格概览	金牛座常重视稳定、质感与可预期的节奏。做决定前愿意观察和确认，一旦认定方向便有较强持续力。\n对舒适环境、实际成果和长期积累通常较为敏感。
taurus	1	优势潜能	耐心、可靠与资源管理能力是常见优势。适合需要细致执行、长期维护和品质把控的事情。\n能够把抽象目标落实为清晰步骤，并在重复中逐渐建立成果。
taurus	2	成长建议	稳定并不等于停留。为变化预留小范围试验，可以在保持安全感的同时增加弹性。\n当想法已经成熟时，给自己一个明确期限，避免因反复确认错过时机。
taurus	3	人际关系	倾向用守信、陪伴和实际帮助建立信任，不喜欢忽冷忽热的互动。关系稳定后通常投入而长久。\n面对差异时，尝试先理解对方的需要，再坚持自己的边界。
taurus	4	情感表达	重视踏实的承诺、生活细节和共同建设。可能不常使用夸张语言，却会通过照顾、时间和实际行动表达。\n把感受说出来，能让对方更准确地接收到你的用心。
taurus	5	生活灵感	整理空间、烹饪、园艺、音乐或自然漫步都适合恢复能量。长期计划可用可视化进度增强成就感。\n星座内容仅作文化与自我探索参考，不替代真实经历与个人选择。
gemini	0	性格概览	双子座常以好奇、灵活和善于连接信息的方式理解世界。喜欢交流与新鲜感，也容易同时关注多个方向。\n思维转换迅速，能够从不同角度看待同一件事。
gemini	1	优势潜能	沟通、学习、提问和快速整合信息是常见优势。适合需要表达、创意、协调或不断更新知识的场景。\n善于把复杂内容转化为易懂语言，并促成不同人之间的连接。
gemini	2	成长建议	兴趣很多时，选择一两个阶段重点能避免精力过度分散。把灵感记录后按优先级推进，会更有完成感。\n在快速回应前多听一会儿，也能让理解更深入。
gemini	3	人际关系	通常善于开启话题，喜欢轻松、有内容且能互相启发的交流。可能需要一定自由空间保持活力。\n持续关注对方的情绪线索，会让聪明的沟通更有温度。
gemini	4	情感表达	常通过分享见闻、频繁交流和一起体验新事物表达在意。欣赏能聊天、尊重变化并保持好奇的伙伴。\n重要时刻给出稳定回应，有助于把新鲜感转化为信任。
gemini	5	生活灵感	阅读、写作、语言学习、短途旅行或跨领域课程都能激发状态。每天保留一段无信息输入的安静时间。\n星座内容仅作文化与自我探索参考，不替代真实经历与个人选择。
cancer	0	性格概览	巨蟹座常重视情感安全、熟悉感与归属。对环境和他人的情绪变化较敏锐，愿意保护在意的人。\n内在感受丰富，通常需要可信赖的空间慢慢表达。
cancer	1	优势潜能	共情、照顾、记忆细节与营造归属感是常见优势。适合需要耐心支持、关系维护或理解用户感受的事情。\n能察觉未被说出口的需要，并让团队或家庭更有温度。
cancer	2	成长建议	照顾别人之前也要确认自己的能量和边界。情绪出现时，先命名感受再决定行动，能减少过度承担。\n把担忧转成具体问题，会比独自反复想象更有帮助。
cancer	3	人际关系	重视信任积累和长期陪伴，熟悉之后往往温暖而有保护欲。面对陌生或不确定环境可能先保持观察。\n直接询问而非依靠猜测，能让关系更清晰。
cancer	4	情感表达	常以记住细节、提供照顾和共同生活感表达爱意。希望关系中有稳定回应与情绪理解。\n在安全的氛围里坦诚需求，也允许对方用不同方式关心你。
cancer	5	生活灵感	布置家居、做饭、看旧照片、亲水活动或与亲友安静相聚都适合充电。规律作息有助于稳定情绪。\n星座内容仅作文化与自我探索参考，不替代真实经历与个人选择。
leo	0	性格概览	狮子座常以热情、自信和富有表现力的方式参与生活。愿意创造亮点，也希望自己的投入被真实看见。\n重视尊严与忠诚，在熟悉群体中容易承担带动气氛的角色。
leo	1	优势潜能	创造力、感染力、担当和鼓舞他人是常见优势。适合需要展示愿景、组织活动或让团队保持士气的场景。\n当认同一件事时，往往愿意投入热量并带领他人前进。
leo	2	成长建议	把关注点从是否被认可转向作品与关系本身，会获得更稳定的满足。接受建设性反馈并不削弱光芒。\n为他人留出舞台，也能让领导力更成熟。
leo	3	人际关系	通常大方、讲义气，喜欢坦诚而有热度的互动。对冷淡、轻视或模糊态度可能较敏感。\n在维护自尊的同时表达脆弱，会让亲近的人更容易理解你。
leo	4	情感表达	常用热烈赞美、仪式感和保护行动表达爱意，希望彼此明确而坚定。欣赏有自信、也愿意互相欣赏的伙伴。\n让日常的小回应与盛大的表达并存，关系会更踏实。
leo	5	生活灵感	表演、摄影、创作、聚会策划或任何能呈现个人风格的项目都能激发状态。也要安排无需表现的休息。\n星座内容仅作文化与自我探索参考，不替代真实经历与个人选择。
virgo	0	性格概览	处女座常以细致、务实和持续改进的方式处理生活。容易注意流程中的小问题，也愿意让事情变得更有秩序。\n面对责任时认真可靠，习惯用实际成果证明投入。
virgo	1	优势潜能	分析、整理、校验和优化能力是常见优势。适合需要准确度、服务意识或复杂流程管理的事情。\n能够发现别人忽略的细节，并把混乱逐步整理成可执行方案。
virgo	2	成长建议	追求完善时别忘记先完成。区分必须修正与可以接受的小瑕疵，能减少消耗。\n像对待朋友一样对待自己，用具体复盘替代过度自我批评。
virgo	3	人际关系	常通过解决问题、提醒细节和实际协助表达关心。可能希望沟通有逻辑、有结论。\n提出建议前先确认对方是否需要，会让善意更容易被接住。
virgo	4	情感表达	重视可靠、整洁的相处和彼此承担日常责任。爱意可能藏在准备、检查与默默照顾里。\n除了做得更好，也可以直接说出欣赏与感谢。
virgo	5	生活灵感	整理清单、学习实用技能、手作、健康记录或优化工作空间都能带来掌控感。给日程保留真正的空白。\n星座内容仅作文化与自我探索参考，不替代真实经历与个人选择。
libra	0	性格概览	天秤座常重视平衡、美感和关系中的公平。善于观察不同立场，希望找到让各方都能接受的连接方式。\n对氛围和表达方式较敏感，倾向先协调再作决定。
libra	1	优势潜能	协商、审美、倾听与建立合作是常见优势。适合需要权衡观点、呈现品质或维持伙伴关系的场景。\n能够发现共同点，并用较柔和的方式推动共识。
libra	2	成长建议	考虑周全之后仍需要作出选择。明确自己的优先级和截止时间，可以减少反复权衡。\n真正的和谐也包含坦诚分歧，不必为了气氛压下所有需求。
libra	3	人际关系	通常礼貌、愿意配合，喜欢平等且有来有往的互动。可能不喜欢公开冲突，却很在意不公平。\n清楚表达边界，反而能让关系减少隐性失衡。
libra	4	情感表达	重视陪伴品质、共同审美和温和沟通，喜欢一起创造舒服的关系氛围。欣赏尊重、体面又有主见的伙伴。\n先确认自己的答案，再与对方协商，会更自在。
libra	5	生活灵感	艺术展览、音乐、空间布置、穿搭或与好友深聊都能补充能量。独处时练习只为自己作一个小决定。\n星座内容仅作文化与自我探索参考，不替代真实经历与个人选择。
scorpio	0	性格概览	天蝎座常以专注、深入和重视真实的方式面对世界。对关系与动机有敏锐观察，不轻易投入，一旦确认便很认真。\n喜欢触及问题核心，也重视隐私、信任与情感强度。
scorpio	1	优势潜能	洞察、韧性、保密和在压力中重整资源是常见优势。适合研究、调查、危机处理或长期攻克难题。\n能够在表面变化下抓住关键，并持续投入直到产生转化。
scorpio	2	成长建议	敏锐不必变成持续警戒。把不确定之处直接求证，能减少内心推演。\n学会在安全范围内逐步信任，并允许事情存在不完全可控的部分。
scorpio	3	人际关系	偏好真诚、有深度且守信用的关系，不太满足于表面寒暄。受到伤害时可能需要较长时间恢复。\n表达感受而不是测试对方，有助于建立更稳固的信任。
scorpio	4	情感表达	在意时通常投入、忠诚并具有保护意识，希望彼此坦白且有深层连接。也需要独立空间整理复杂感受。\n把边界与期待说清楚，可以避免强度被误解。
scorpio	5	生活灵感	深度阅读、心理探索、力量训练、整理旧物或完成长期难题都适合释放能量。定期接触轻松事物也很重要。\n星座内容仅作文化与自我探索参考，不替代真实经历与个人选择。
sagittarius	0	性格概览	射手座常以开放、乐观和追求意义的方式体验生活。喜欢拓展边界、理解更大的世界，也愿意分享自己的发现。\n重视自由与诚实，面对新可能时容易被点燃。
sagittarius	1	优势潜能	远见、学习热情、幽默和跨文化适应是常见优势。适合探索、教育、传播或需要从整体看问题的场景。\n能够用更大的视角鼓励他人，并让困难中出现新的可能。
sagittarius	2	成长建议	远方目标也需要日常落地。为承诺设置里程碑并定期复盘，能让热情形成成果。\n坦率表达时多考虑语气与时机，真诚会更容易被理解。
sagittarius	3	人际关系	喜欢轻松、真实、能一起成长的伙伴关系，不愿被过度限制。通常乐于分享经历和观点。\n稳定回应并尊重他人的安全感，能让自由与亲密并存。
sagittarius	4	情感表达	常通过共同旅行、学习和畅谈未来表达在意。欣赏独立、开朗并愿意一起探索的伙伴。\n除了宏大计划，也别忽略日常陪伴和细节承诺。
sagittarius	5	生活灵感	旅行规划、户外运动、哲学阅读、语言课程或公开分享都能激发活力。给计划加入预算和时间边界。\n星座内容仅作文化与自我探索参考，不替代真实经历与个人选择。
capricorn	0	性格概览	摩羯座常以目标、责任和长期建设的方式理解生活。愿意承受阶段性压力，重视成果是否经得起时间检验。\n外在可能克制，内心却有清晰标准与持续上升的动力。
capricorn	1	优势潜能	规划、纪律、责任感和长期执行是常见优势。适合需要结构、耐力、风险意识或逐级推进的事情。\n能够在资源有限时抓住重点，并把目标拆成可管理的阶段。
capricorn	2	成长建议	价值不只来自效率与成绩。把休息、关系和兴趣也纳入长期计划，能避免过度消耗。\n允许自己在尚未准备完美时寻求帮助，会让成长更轻松。
capricorn	3	人际关系	重视可靠、守时和彼此承担，通常需要时间建立信任。熟悉后会以稳定支持和实际行动维护关系。\n分享过程中的压力与感受，能减少别人只看到坚强的一面。
capricorn	4	情感表达	倾向用承诺、规划和解决现实问题表达爱意，希望关系有清晰方向。欣赏成熟、独立且尊重目标的伙伴。\n偶尔放下任务清单，直接表达温柔与需要，会增加亲密感。
capricorn	5	生活灵感	制定年度地图、学习专业技能、登山或完成长期项目都能带来满足。庆祝阶段成果，不必只盯着下一座山。\n星座内容仅作文化与自我探索参考，不替代真实经历与个人选择。
aquarius	0	性格概览	水瓶座常以独立、创新和关注整体的方式思考问题。喜欢跳出惯例寻找新路径，也重视人与人之间平等的连接。\n思想开放，可能需要较多个人空间整理观点。
aquarius	1	优势潜能	创新、系统思考、客观观察和连接社群是常见优势。适合科技、研究、公益或需要突破惯例的场景。\n能够看见未来趋势，并把不同背景的人聚到共同议题周围。
aquarius	2	成长建议	理性分析之外，也要给情绪真实存在的位置。将独特想法分阶段说明，会让他人更容易跟上。\n自由与稳定并不冲突，明确承诺能保护双方空间。
aquarius	3	人际关系	喜欢平等、尊重差异且有思想交流的关系。对控制感较敏感，也不愿用传统标签限制彼此。\n在需要支持时主动开口，能让连接不只停留在观点层面。
aquarius	4	情感表达	常通过分享新想法、并肩参与兴趣或尊重对方独立性表达在意。欣赏有个性、能深聊又不过度束缚的伙伴。\n增加具体的情绪回应，会让关系更有温度。
aquarius	5	生活灵感	科技体验、社群活动、科普阅读、创意实验或参与公共议题都能激发状态。也要保留离线和独处时间。\n星座内容仅作文化与自我探索参考，不替代真实经历与个人选择。
pisces	0	性格概览	双鱼座常以想象、共情和感受氛围的方式理解世界。容易被故事、音乐与他人情绪触动，也拥有丰富的内在画面。\n温柔而有包容力，需要安静时间整理吸收的信息。
pisces	1	优势潜能	想象力、同理心、艺术感受和顺势调整是常见优势。适合创作、陪伴、疗愈氛围或需要理解细微感受的事情。\n能够跨越表面差异感知共同情绪，并赋予经历新的意义。
pisces	2	成长建议	共情时也要分清哪些责任属于自己。用时间表、预算和明确边界承接灵感，会让梦想更容易落地。\n感到混乱时先处理一个最具体的小步骤。
pisces	3	人际关系	通常温和、愿意倾听，重视心灵共鸣和被理解的感觉。可能为了避免冲突而推迟表达真实需求。\n清晰拒绝并不会失去善良，反而能保护长久的关系。
pisces	4	情感表达	常用陪伴、理解、浪漫想象和细腻照顾表达爱意。欣赏温柔可靠、能尊重敏感与创造力的伙伴。\n把期待说成具体请求，能减少理想化带来的落差。
pisces	5	生活灵感	音乐、绘画、电影、写梦境、亲水活动或安静散步都适合恢复能量。规律睡眠和现实清单能稳定节奏。\n星座内容仅作文化与自我探索参考，不替代真实经历与个人选择。
